,포지션,회사명,지역명,경력,링크
0,NLP 개발자,베링랩,서울 마포구 , 경력 3-10년,/wd/157380
1,시니어 개발자 (Rust),베링랩,서울 마포구 , 경력 5-10년,/wd/206209
2,Head of Architecture,인터엑스,서울 금천구 , 경력 10년 이상,/wd/256936
3,"Physical AI Research Scientist (강화학습, 시뮬레이션)",인터엑스,서울 금천구 , 신입,/wd/261251
4,AI Model Optimization Engineer (CPU/GPU/NPU),인터엑스,울산 중구 , 경력 3-15년,/wd/252960
5,Data Engineer,엘박스,서울 강남구 , 경력 3년 이상,/wd/251752
6,[EQST Lab] AI 보안 연구,에스케이쉴더스(SK쉴더스),경기 성남시 , 경력 3-10년,/wd/267714
7,AI/ML 엔지니어,와탭랩스(WhaTapLabs),서울 서초구 , 경력 5년 이상,/wd/244545
8,Vision AI 개발자,넥스트랩,서울 강남구 , 신입-경력 5년,/wd/267710
9,영상 인식 알고리즘 개발 엔지니어,모본,서울 강남구 , 신입-경력 8년,/wd/136818
10,ML engineer 주니어,에이아이구루,서울 서초구 , 경력 1-6년,/wd/267684
11,MLOps Engineer (2년 이상),뤼이드(Riiid),서울 강남구 , 경력 2년 이상,/wd/251415
12,AI어플리케이션 개발자 / 3년 이상,필라넷,서울 강남구 , 경력 3-15년,/wd/267483
13,[원티드단독] 머신러닝 엔지니어,강남언니(힐링페이퍼),서울 강남구 , 경력 7년 이상,/wd/256471
14,[원티드단독] 데이터 엔지니어,강남언니(힐링페이퍼),서울 강남구 , 경력 3년 이상,/wd/195243
15,[원티드단독] 자연어처리(NLP) 엔지니어,강남언니(힐링페이퍼),서울 강남구 , 경력 5년 이상,/wd/267657
16,ML Platform Team Leader,하이퍼커넥트,서울 강남구 , 경력 5-15년,/wd/247297
17,웹 개발자,씨알에스큐브(CRScube),서울 마포구 , 경력 3-8년,/wd/267640
18,Backend Engineer,인터엑스,서울 금천구 , 경력 3-10년,/wd/252955
19,NLP/LLM 엔지니어,테스트웍스,서울 송파구 , 경력 3-10년,/wd/267632
20,인공지능 음성 합성(TTS) 전문가,미니레코드,서울 송파구 , 신입-경력 5년,/wd/265105
21,VisionAI 엔진 개발,포지큐브(POSICUBE),서울 강남구 , 경력 3-12년,/wd/267616
22,Data Pipeline Backend Engineer(Seoul),스트라드비젼(STRADVISION),서울 강남구 , 경력 5년 이상,/wd/267610
23,[쿠키런: 모험의탑] 서버 소프트웨어 엔지니어,데브시스터즈(Devsisters),서울 강남구 , 경력 3년 이상,/wd/255010
24,[잡플래닛] Sr.Data Engineer,브레인커머스,서울 강남구 , 경력 5-13년,/wd/117898
25,Python 개발자(4년 이상),자이온아이티에스,서울 서초구 , 경력 4-11년,/wd/267569
26,LLM Agent 개발자,온더플라이,서울 관악구 , 신입,/wd/267543
27,[플레이오] Python 백엔드 개발,지엔에이컴퍼니,서울 서초구 , 경력 3년 이상,/wd/193602
28,Data Engineer,레브잇,서울 관악구 , 경력 7년 이상,/wd/260184
29,Sr. Data Analyst,레브잇,서울 관악구 , 경력 5년 이상,/wd/266293
30,서버 엔지니어 (Kotlin/Spring),페이히어,서울 강남구 , 경력 3-15년,/wd/230925
31,Head of Data,쏘카(SOCAR),서울 성동구 , 경력 10-30년,/wd/267517
32,Software Engineer(Backend),피에프씨테크놀로지스,서울 서초구 , 경력 2년 이상,/wd/267511
33,[인턴] [채널톡] AI Team,채널코퍼레이션,서울 강남구 , 신입,/wd/168348
34,AI Engineer,파워테스크,서울 강남구 , 경력 2-15년,/wd/267405
35,Backend Developer (Senior),바비톡,서울 서초구 , 경력 7년 이상,/wd/228215
36,Backend Developer (Middle),바비톡,서울 서초구 , 경력 5년 이상,/wd/233087
37,[DATA&AI] AI Engineer,베이글코드(Bagelcode),서울 강남구 , 경력 1-5년,/wd/267481
38,백엔드 개발자 (3~5년차),리원엑스,서울 강남구 , 경력 3-5년,/wd/267452
39,AI Engineer,플랜바이테크놀로지스,서울 강남구 , 경력 1-10년,/wd/249770
40,Back-end SWE,휴이노,서울 강남구 , 경력 5년 이상,/wd/267392
41,"CTO (Gen AI, 머신 러닝)",링크12,서울 강남구 , 경력 5-10년,/wd/263133
42,[원티드단독]시니어 AI 엔지니어,웨이커,서울 강남구 , 경력 7-12년,/wd/267362
43,[서울][데이터분석팀]게임 데이터 분석가 (4년 이하),트리노드,서울 강남구 , 경력 1-4년,/wd/249546
44,Data Engineer (5년 이상),알스퀘어,서울 강남구 , 경력 5-20년,/wd/244076
45,프롬프트 엔지니어,버블탭,서울 강남구 , 경력 2년 이상,/wd/265769
46,데이터엔지니어,블리몽키즈,서울 마포구 , 경력 3-10년,/wd/264097
47,Senior Machine Learning Engineer,심플랫폼,서울 금천구 , 경력 5-15년,/wd/263651
48,[개발] 솔루션 개발팀장(9년 이상),혜움,서울 강남구 , 경력 9년 이상,/wd/266015
49,[개발] 백엔드 개발자(5-8년),혜움,서울 강남구 , 경력 5-8년,/wd/263825
50,[채널톡] Machine Learning Engineer,채널코퍼레이션,서울 강남구 , 경력 2-10년,/wd/167547
51,Python 개발자,애드크림,서울 강남구 , 경력 3-20년,/wd/267253
52,Robotics Engineer,씨메스(CMES),서울 강남구 , 경력 3-15년,/wd/256658
53,[인턴] 백엔드 개발자,비모소프트,경기 안양시 , 신입,/wd/250137
54,MLOps 엔지니어 (주니어),라이언로켓,서울 중구 , 경력 1-3년,/wd/267224
55,백엔드 개발자 (Node.js),큐피스트(글램),서울 강남구 , 경력 3-12년,/wd/29390
56,데이터 엔지니어,페이히어,서울 강남구 , 경력 2년 이상,/wd/267167
57,[쿠팡] Staff Data Scientist (Biz Analytics),쿠팡,서울 송파구 , 경력 7-20년,/wd/267159
58,AI 소프트웨어 엔지니어,에버엑스,서울 강남구 , 경력 1년 이상,/wd/264326
59,Financial Analyst,프렉스코리아(Prex),서울 영등포구 , 신입 이상,/wd/259893
60,AI Engineer (병특 전문연구요원가능),코코네엠(coconeM),서울 강남구 , 신입 이상,/wd/255120
61,[Gopax] Wallet Engineer,스트리미(Streami),서울 강남구 , 경력 3-7년,/wd/262179
62,[그루비 SaaS 솔루션] AI 엔지니어 (NLP),플래티어,서울 송파구 , 경력 3-7년,/wd/261357
63,머신러닝 엔지니어(Gen AI ML Engineer),아스타,서울 강남구 , 경력 3-10년,/wd/244812
64,데이터 엔지니어링 크롤러,얼터너티브자산운용,서울 강남구 , 경력 1-12년,/wd/267090
65,DBA담당자(5년 이상~7년 이하),케이비헬스케어(KB헬스케어),서울 강남구 , 경력 5-7년,/wd/267081
66,AI Model Production (Document AI),업스테이지,경기 , 경력 2-15년,/wd/134824
67,AI Application Engineer,업스테이지,경기 , 경력 3-15년,/wd/267072
68,인공지능(AI) 연구원,무한정보기술,서울 영등포구 , 경력 1-15년,/wd/267032
69,보안 코어 라이브러리 개발자,아이씨티케이,서울 강남구 , 경력 5-10년,/wd/265044
70,이커머스 솔루션 Python Backend 리드,샐러드랩,서울 강남구 , 경력 3-8년,/wd/267011
71,Fullstack 개발 (5년 이상),바이트사이즈,부산 부산진구 , 경력 5년 이상,/wd/266896
72,Machine Vision SW 연구 개발 (5년이상),바이트사이즈,부산 부산진구 , 경력 5년 이상,/wd/266881
73,"AI Researcher (OCR, 비전-언어모델)",인터엑스,서울 금천구 , 경력 2-5년,/wd/261479
74,백엔드 개발자(3~8년),래딩랩스,서울 강서구 , 경력 3-8년,/wd/248957
75,소프트웨어 엔지니어,위앤유텍,서울 송파구 , 신입-경력 12년,/wd/263882
76,DBA (1년이상),라텔앤드파트너즈,서울 중구 , 경력 1-5년,/wd/266813
77,[DATA&AI] Data Engineer(Platform),베이글코드(Bagelcode),서울 강남구 , 경력 3-5년,/wd/259709
78,딥러닝 연구원 / 엔지니어 (전문연구요원 가능),딥브레인에이아이,서울 강남구 , 신입,/wd/251783
79,[DATA&AI] Data Engineer(Back-end),베이글코드(Bagelcode),서울 강남구 , 경력 3-5년,/wd/259705
80,렌딩 인텔리전스 랩 MLOps 엔지니어,어니스트에이아이,서울 강남구 , 경력 3-8년,/wd/226421
81,머신러닝 데이터 사이언티스트,아일리스,서울 중구 , 경력 1-10년,/wd/266794
82,[강남/선릉] 펌웨어 개발,에스디티,서울 강남구 , 경력 5년 이상,/wd/266792
83,AI 엔지니어 (2년차~7년차),에듀템,서울 마포구 , 경력 2-7년,/wd/266751
84,[병역특례] Data Science - 전문연구요원,식스티헤르츠,서울 성동구 , 신입 이상,/wd/266708
85,IT인프라 취약점 진단 및 스크립트 개발,이지시큐,경기 성남시 , 신입,/wd/266714
86,Junior Backend Application Engineer,트릿지,서울 서초구 , 신입,/wd/266699
87,Senior Backend Application Engineer,트릿지,서울 서초구 , 경력 3년 이상,/wd/266697
88,[쿠팡] Senior Data Scientist,쿠팡,서울 송파구 , 경력 5년 이상,/wd/266311
89,Frontend 개발자 (서울),일만백만,서울 강남구 , 경력 3-10년,/wd/266689
90,시니어 AI Engineer,이지케어텍,서울 중구 , 경력 7-20년,/wd/266678
91,주니어 AI Engineer(전문연구요원 가능),이지케어텍,서울 중구 , 경력 2-6년,/wd/266676
92,[빗썸] DA(Data Architect)/DB 전문 모델러,빗썸,서울 강남구 , 경력 5-12년,/wd/266665
93,Kubernetes 개발자,씨이랩,서울 강남구 , 경력 2년 이상,/wd/266178
94,데이터 엔지니어,미리디,서울 구로구 , 경력 5-10년,/wd/241731
95,AI 기술 개발,비바이노베이션,서울 강남구 , 경력 6년 이상,/wd/266302
96,Data Engineer,아임웹,서울 강남구 , 경력 3년 이상,/wd/240941
97,Backend Engineer,인터엑스,서울 금천구 , 경력 3-10년,/wd/266593
98,로봇연구원,스페이스뱅크,경기 성남시 , 경력 2-5년,/wd/266569
99,Software Engineer (Data) (신입),클럼엘,서울 강남구 , 신입,/wd/266544
100,Software Engineer (Data) (6년 이상) 시니어,클럼엘,서울 강남구 , 경력 6-15년,/wd/266543
101,Software Engineer (Data) (2년 이상) 주니어,클럼엘,서울 강남구 , 경력 2-6년,/wd/266541
102,AI 엔지니어,111퍼센트,서울 강남구 , 경력 3년 이상,/wd/266521
103,데이터 엔지니어 (3년 이상),씨드앤,서울 성동구 , 경력 3-10년,/wd/263086
104,AI Researcher,인핸스(Enhans),서울 서초구 , 경력 3-8년,/wd/245684
105,[서비스개발본부] 테크팀장,차봇모빌리티,서울 성동구 , 경력 10년 이상,/wd/262794
106,[서비스개발본부] AI Engineer,차봇모빌리티,서울 성동구 , 경력 4년 이상,/wd/263139
107,[교육솔루션팀] 백엔드 개발자 (3년차 이상),그렙(프로그래머스),서울 서초구 , 경력 3-7년,/wd/266464
108,인공지능(AI) 개발자,누아,서울 중구 , 신입-경력 5년,/wd/257537
109,AI Engineer (5~10년차),리얼드로우,서울 마포구 , 경력 5-10년,/wd/256104
110,백엔드 개발자 (5~10년차),리얼드로우,서울 마포구 , 경력 5-10년,/wd/257148
111,태양광 발전량 예측 AI모델 개발자 (시니어급),에너닷,서울 강남구 , 경력 3년 이상,/wd/266401
112,딥러닝 추론 최적화 개발자,뷰런테크놀로지,서울 서초구 , 경력 1년 이상,/wd/266399
113,Deep Learning Engineer(딥러닝 개발자),뷰런테크놀로지,서울 서초구 , 경력 1년 이상,/wd/253325
114,머신러닝/딥러닝 엔지니어,아이스크림에듀,서울 강남구 , 경력 2년 이상,/wd/265750
115,Data Engineer,스푼랩스,서울 강남구 , 경력 5-35년,/wd/266374
116,데이터 사이언티스트 (신입),애드타입,서울 성동구 , 신입,/wd/255452
117,데이터 사이언티스트 (3년차 이상),애드타입,서울 성동구 , 경력 3-10년,/wd/250710
118,AI 개발자(전문연구요원 가능),씨알에스큐브(CRScube),서울 마포구 , 경력 2-5년,/wd/266232
119,[3-5년] AI관련 백엔드개발자,텍스트웨이,대구 북구 , 경력 3-5년,/wd/266327
120,DBA 및 DE,테크핀레이팅스,서울 중구 , 경력 5-15년,/wd/266319
121,IT팀 담당자 (3년 이상),얼라인파트너스자산운용,서울 영등포구 , 경력 3-5년,/wd/266187
122,백엔드 (스크래핑) 엔지니어,빅테크플러스,서울 영등포구 , 경력 2-5년,/wd/266290
123,MLOps,엠트리센,서울 금천구 , 경력 3년 이상,/wd/266260
124,클라우드 Data Architect,유클릭,경기 과천시 , 경력 3-10년,/wd/266252
125,Data Scientist,여기어때컴퍼니,서울 강남구 , 경력 5-12년,/wd/245677
126,프라이빗 클라우드 제품 개발자,파이오링크,서울 금천구 , 신입-경력 10년,/wd/266235
127,SW개발 전문연구요원(병역특례) 프라이빗 클라우드 제품 개발자,파이오링크,서울 금천구 , 신입-경력 10년,/wd/266240
128,SW개발 전문연구요원(병역특례) 분산스토리지 개발 담당자,파이오링크,서울 금천구 , 신입-경력 7년,/wd/170572
129,백엔드개발 담당,미니쉬테크놀로지,서울 강남구 , 경력 5년 이상,/wd/266192
130,"AI(인공지능) VIsion, Multi modal 개발자",씨이랩,서울 강남구 , 신입 이상,/wd/266175
131,[AX] LLM 소프트웨어 엔지니어,콕스웨이브,서울 영등포구 , 경력 1-5년,/wd/244312
132,[Align AI] AI 리서치 엔지니어,콕스웨이브,서울 영등포구 , 경력 3-10년,/wd/258539
133,[AX] AI/ML 엔지니어,콕스웨이브,서울 영등포구 , 경력 3-7년,/wd/234298
134,파이썬(Python) 개발자 - 병역특례,에잇퍼센트(8PERCENT),서울 영등포구 , 신입-경력 4년,/wd/226155
135,파이썬(Python) 개발자,에잇퍼센트(8PERCENT),서울 영등포구 , 경력 3-7년,/wd/224963
136,코어뱅킹 개발자,에잇퍼센트(8PERCENT),서울 영등포구 , 경력 3-10년,/wd/226673
137,빅데이터 클러스터 시스템 엔지니어  (1~5년),미리비트,경기 성남시 , 경력 1-5년,/wd/265676
138,AI 백엔드 엔지니어,아토머스(마인드카페),서울 강남구 , 경력 3-10년,/wd/263804
139,AI/ML 엔지니어 (1년 이상),제이제이앤컴퍼니스,서울 마포구 , 경력 1년 이상,/wd/266050
140,Data Engineer,앰버로드,서울 강남구 , 경력 5년 이상,/wd/194516
141,MLOps (AI 모델 서비스화),씨앤에이아이,서울 서초구 , 신입,/wd/265710
142,데이터 엔지니어,밀리의서재,서울 마포구 , 경력 7년 이상,/wd/264660
143,Computer Vision Engineer (전문연구요원),플라잎,경기 성남시 , 경력 3-5년,/wd/246183
144,Deep Learning Engineer(전문연구요원),플라잎,경기 성남시 , 경력 3-5년,/wd/258288
145,Front-End Engineer,앰버로드,서울 강남구 , 경력 3-5년,/wd/202630
146,알고리즘 개발자,더블유닷에이아이,서울 서초구 , 경력 1-15년,/wd/265981
147,프론트엔드 개발자 (리더급),스카이월드와이드,서울 강남구 , 경력 7-20년,/wd/265416
148,AI 엔지니어 (Stable diffusion / VITON),룩코,서울 강남구 , 신입-경력 10년,/wd/256995
149,딥러닝 엔지니어,룩코,서울 강남구 , 신입-경력 10년,/wd/170201
150,[젠틀몬스터] AI 엔지니어,아이아이컴바인드,서울 마포구 , 경력 3년 이상,/wd/265961
151,ML Inference Engineer (전문연구요원 가능),라이너(Liner),서울 마포구 , 경력 2년 이상,/wd/226281
152,데이터 엔지니어,티비유,서울 서초구 , 경력 2년 이상,/wd/233422
153,C/Rust 개발자,티에스엔랩,경기 용인시 , 신입,/wd/202555
154,주니어 백엔드 개발자,아트라미,대구 남구 , 경력 2년 이상,/wd/261174
155,음성 개발자 (가상 인물 음성 생성),씨앤에이아이,서울 서초구 , 신입-경력 3년,/wd/265675
156,비전 개발자(가상 인물 영상 생성),씨앤에이아이,서울 서초구 , 신입-경력 3년,/wd/265707
157,LLM 개발자,씨앤에이아이,서울 서초구 , 신입,/wd/265711
158,바이오인식 / OCR 알고리즘 개발,엑스페릭스,서울 송파구 , 경력 4-7년,/wd/255556
159,데이터 엔지니어 (데이터레이크 개발),파수,서울 마포구 , 경력 5-10년,/wd/265260
160,MLOps/LLMOps 엔지니어,큐빅,서울 서초구 , 경력 2-6년,/wd/265885
161,Data Engineer,에이비일팔공(AB180),서울 서초구 , 경력 3년 이상,/wd/249595
162,[AI플랫폼팀] Full-stack 개발자(Junior),크라우드웍스,서울 강남구 , 경력 5년 이상,/wd/255983
163,AI 엔지니어,덴컴,서울 강남구 , 경력 4-8년,/wd/265863
164,[AI플랫폼팀] Full-stack 개발자(Senior),크라우드웍스,서울 강남구 , 경력 9년 이상,/wd/255984
165,Backend Engineer(6~10년),데이터라이즈,서울 강남구 , 경력 6-10년,/wd/246991
166,Backend Engineer(3년~5년),데이터라이즈,서울 강남구 , 경력 3-5년,/wd/81841
167,Data Analytics Engineer,데이터라이즈,서울 강남구 , 경력 2-10년,/wd/177620
168,Data Engineer(Jr),데이터라이즈,서울 강남구 , 신입-경력 2년,/wd/226473
169,Data Engineer,데이터라이즈,서울 강남구 , 경력 2-10년,/wd/81834
170,데이터 엔지니어(DW/BI) (블록체인/Web3지갑),아이오트러스트,서울 강남구 , 경력 2-15년,/wd/265373
171,빅데이터 시스템 구축 및 운영 담당자(3년 이상),엑셈,서울 강서구 , 경력 3-7년,/wd/226657
172,Golang Agent 개발자(3년 이하),엑셈,서울 강서구 , 신입-경력 3년,/wd/228443
173,AI 모델 개발자(2년 이상),엑셈,서울 강서구 , 경력 2년 이상,/wd/264704
174,애플리케이션 및 클라우드Cloud 개발,파이오링크,서울 금천구 , 경력 3-13년,/wd/242610
175,Backend 개발자 (1년 이상),월드와이드비즈니스웹,경기 성남시 , 경력 1년 이상,/wd/265751
176,WEBFRONT-K 웹 보안 기능 및 시그니처 개발,파이오링크,서울 금천구 , 경력 3-13년,/wd/243295
177,Backend Engineer,바인드,서울 마포구 , 경력 2-7년,/wd/164350
178,"[광고 추천팀] 서버/백엔드 엔지니어(Engineering Manager, 팀리드)",버즈빌(buzzvil),서울 송파구 , 경력 5년 이상,/wd/265743
179,[SSP] 플랫폼 개발팀 서버 엔지니어 (3년 이상),버즈빌(buzzvil),서울 송파구 , 경력 3년 이상,/wd/265736
180,[광고 추천팀] 서버/백엔드 엔지니어 (3년 이상),버즈빌(buzzvil),서울 송파구 , 경력 3년 이상,/wd/265715
181,[Ad Expansion팀] 서버 엔지니어(3년 이상),버즈빌(buzzvil),서울 송파구 , 경력 3년 이상,/wd/259926
182,[광고 운영 플랫폼팀] 서버/백엔드 개발자 (3년이상),버즈빌(buzzvil),서울 송파구 , 경력 3-15년,/wd/258742
183,데이터 분석가,키즈노트,경기 성남시 , 경력 5-10년,/wd/211784
184,백엔드 리드,키즈노트,경기 성남시 , 경력 10-20년,/wd/236481
185,데이터 엔지니어,키즈노트,경기 성남시 , 경력 5-10년,/wd/265689
186,Cloud DBA,코인원(coinone),서울 영등포구 , 경력 7-15년,/wd/261972
187,데이터 엔지니어,클럽콘크리트,서울 마포구 , 신입 이상,/wd/264788
188,생성형 AI Python Fullstack 개발자,콘센트릭스서비스코리아CATALYST,서울 강남구 , 경력 5년 이상,/wd/265658
189,[クリエーションライン株式会社] クラウドインフラエンジニア_근무지 일본,원티드 재팬(wanted),서울 , 경력 5-15년,/wd/265634
190,[クリエーションライン株式会社] AI/LLM エンジニア_근무지 일본,원티드 재팬(wanted),서울 , 경력 5-15년,/wd/265623
191,[クリエーションライン株式会社] SREエンジニア_근무지 일본,원티드 재팬(wanted),서울 , 경력 5-15년,/wd/265628
192,"데이터/검색엔진 엔지니어 (Python, Elastic search)",바이오리서치에이아이,서울 강남구 , 신입-경력 5년,/wd/262931
193,"Database Reliability Engineer, DBRE",두나무(업비트/증권플러스),서울 서초구 , 경력 2-15년,/wd/236606
194,ML Engineer,메이아이,서울 강남구 , 경력 5년 이상,/wd/256369
195,피부분석 모델 개발자(분광기반),룰루랩(lululab),서울 강남구 , 신입 이상,/wd/264385
196,생체신호분석 연구원,룰루랩(lululab),서울 강남구 , 신입 이상,/wd/264467
197,로봇지능 개발 연구원,알지에이아이엔씨(RGA Inc.),서울 서초구 , 신입 이상,/wd/265538
198,환경 / 상황인지 AI 연구원,알지에이아이엔씨(RGA Inc.),서울 서초구 , 신입 이상,/wd/265536
199,데이터 애널리스트,월급쟁이부자들,서울 서초구 , 경력 2년 이상,/wd/156689
200,비즈니스 애널리스트,월급쟁이부자들,서울 서초구 , 경력 2-7년,/wd/253624
201,LLM 개발 및 최적화 Research 엔지니어,옵트에이아이,서울 강서구 , 경력 2-10년,/wd/265342
202,Model Compression Research 엔지니어,옵트에이아이,서울 강서구 , 신입-경력 10년,/wd/265347
203,iPhone iOS용 AI Application 개발자,옵트에이아이,서울 강서구 , 경력 2-10년,/wd/265339
204,[Tech Lead] Full-stack 개발,디써클,서울 마포구 , 경력 5-11년,/wd/237604
205,"ADC(L4-L7 스위치) C,Python, Linux 개발(커널3팀)",파이오링크,서울 금천구 , 경력 2-10년,/wd/75899
206,JAVA REACT / WEBFORNT-K GUI 개발,파이오링크,서울 금천구 , 경력 1-10년,/wd/75911
207,네트워크 장비 Web Management 솔루션 개발,파이오링크,서울 금천구 , 경력 3년 이상,/wd/253444
208,분산스토리지 개발 담당자,파이오링크,서울 금천구 , 신입-경력 7년,/wd/209837
209,"L4-L7 스위치 가상화 솔루션 개발 C,Python,Linux (커널5팀)",파이오링크,서울 금천구 , 경력 2-10년,/wd/243141
210,웹 크롤링(스크래핑) 개발자 (2년 이상),코딧(CODITCorp.),서울 영등포구 , 경력 2-20년,/wd/94220
211,머신러닝 엔지니어 (2년이상),코딧(CODITCorp.),서울 영등포구 , 경력 2-4년,/wd/94542
212,[인턴] 데이터 사이언스,시크한,서울 관악구 , 신입,/wd/265462
213,개발팀 서버파트,비바이노베이션,서울 강남구 , 경력 5년 이상,/wd/256773
214,시계열 데이터 신호 분석 (구로),파인더스,서울 구로구 , 경력 2년 이상,/wd/265424
215,시계열 데이터 신호 분석 연구원 (하남),파인더스,경기 하남시 , 경력 3년 이상,/wd/265425
216,Machine Learning Engineer (Tech Lead),몰로코,서울 강남구 , 경력 7년 이상,/wd/265414
217,DA / DBA,스카이월드와이드,서울 강남구 , 경력 1-20년,/wd/265419
218,백엔드 개발자 (리더급),스카이월드와이드,서울 강남구 , 경력 7-20년,/wd/265418
219,DB Engineer,스카이월드와이드,서울 강남구 , 경력 1-20년,/wd/265415
220,프론트엔드 개발자 (팀원급),스카이월드와이드,서울 강남구 , 경력 3-7년,/wd/265411
221,데이터 사이언티스트(팀원급),스카이월드와이드,서울 강남구 , 경력 3-6년,/wd/265407
222,백엔드 개발자 (팀원급),스카이월드와이드,서울 강남구 , 경력 3-10년,/wd/265405
223,데이터 사이언티스트(리더급),스카이월드와이드,서울 강남구 , 경력 7-20년,/wd/265401
224,[Tech] Security Engineer (5년 이상),위대한상상(요기요),서울 서초구 , 경력 5-10년,/wd/265343
225,백엔드 엔지니어,마키나락스,서울 서초구 , 경력 8-20년,/wd/265309
226,[프로그래머스] 백엔드 개발자(감독솔루션팀),그렙(프로그래머스),서울 서초구 , 신입-경력 3년,/wd/265264
227,MLOps 엔지니어,비멕스,부산 , 경력 3-7년,/wd/265233
228,Python기반 AI(LLM) 소프트웨어 엔지니어,비알프레임,서울 강서구 , 신입-경력 7년,/wd/265197
229,[병역특례] AI 관련 원천기술 연구 및 소프트웨어 개발자 (전문연구요원),심플랫폼,서울 금천구 , 신입,/wd/265184
230,빅데이터 솔루션 데이터 엔지니어 (5~13년),로이드케이,경기 성남시 , 경력 5-13년,/wd/265172
231,[뷰티테크]AI 피부분석 모델 개발자,앙트러리얼리티,서울 성동구 , 경력 3년 이상,/wd/265143
232,[뷰티테크]AI 노화분석 모델 개발,앙트러리얼리티,서울 성동구 , 경력 3년 이상,/wd/265144
233,풀스택 웹 개발자 (책임급),뉴스젤리(Newsjelly),서울 성동구 , 경력 6년 이상,/wd/250015
234,Mechanical Engineer,베어로보틱스코리아,서울 성동구 , 경력 4-10년,/wd/240494
235,AI 엔지니어(NLP/LLM),미니레코드,서울 송파구 , 신입-경력 6년,/wd/265108
236,Senior Developer,폴센트,서울 구로구 , 경력 5-20년,/wd/264329
237,솔루션 엔지니어(Solution Engineer),라플라스테크놀로지스,경기 성남시 , 경력 5-10년,/wd/263339
238,AI Solution Engineer,올거나이즈코리아(Allganize Korea),서울 강남구 , 신입-경력 6년,/wd/265063
239,플랫폼 Back-End 개발/운영,펑타이그레이터차이나(피티코리아),서울 서초구 , 경력 8-10년,/wd/154140
240,글로벌 빅데이터 플랫폼 BI 백엔드 개발/운영 (Back-End),펑타이그레이터차이나(피티코리아),서울 강남구 , 경력 8-15년,/wd/249523
241,[데이터플랫폼팀] Data Engineer,한국신용데이터(KCD),서울 강남구 , 경력 4년 이상,/wd/246539
242,Sr. Back-end Engineer,"브레이브모바일(숨고,Soomgo)",서울 강남구 , 경력 7-8년,/wd/241189
243,AI Research Scientist,아하앤컴퍼니,서울 강남구 , 신입,/wd/264990
244,백엔드 개발자,해피문데이,서울 성동구 , 경력 3년 이상,/wd/264968
245,데이터분석엔지니어 (Data Analytics Engineer),콜로세움코퍼레이션,서울 강남구 , 경력 1년 이상,/wd/264953
246,[AI솔루션팀] Full-stack 개발자,크라우드웍스,서울 강남구 , 경력 5-10년,/wd/263637
247,Sr. Researcher (LLM),에이아이트릭스(AITRICS),서울 강남구 , 경력 5-12년,/wd/264931
248,검색엔진 엔지니어 (3년 이상),워트인텔리전스,서울 서초구 , 경력 3-12년,/wd/257200
249,데이터 엔지니어 (3년 이상),워트인텔리전스,서울 서초구 , 경력 3-12년,/wd/257199
250,Software Engineer - Search (리더),놀유니버스,경기 성남시 , 경력 15년 이상,/wd/261501
251,AI Research Engineer(Human motion generation),시나몬,서울 서초구 , 경력 2-10년,/wd/136783
252,AI Research Engineer (LLM Application),시나몬,서울 서초구 , 경력 2년,/wd/261846
253,AI Software Engineer,시나몬,서울 서초구 , 경력 3년 이상,/wd/261847
254,Full-stack Software Engineer(Internal Tools),시나몬,서울 서초구 , 경력 2년 이상,/wd/263180
255,데이터분석가,클래스유,서울 중구 , 신입-경력 10년,/wd/264801
256,데이터 플랫폼 담당자(7년 이상),윌로그,서울 강남구 , 경력 7-14년,/wd/263783
257,데이터 플랫폼 리드(10년 이상),윌로그,서울 강남구 , 경력 10-19년,/wd/253527
258,[플랫폼개발실] Back-end 개발자,스테이션3(다방),서울 서초구 , 경력 3-8년,/wd/238235
259,게임 이상탐지 데이터분석가,넷마블,서울 구로구 , 경력 1년 이상,/wd/247595
260,게임 데이터 모델링/DW엔지니어,넷마블,서울 구로구 , 경력 3년 이상,/wd/247828
261,게임 데이터 분석 담당자,넷마블,서울 구로구 , 경력 2년 이상,/wd/247599
262,LLM Engineer (개인화 및 서비스),포티투닷(42dot),경기 성남시 , 경력 6년 이상,/wd/231550
263,Deep Learning Engineer (음성 합성 TTS 연구/개발),포티투닷(42dot),경기 성남시 , 경력 1-20년,/wd/199491
264,백엔드 엔지니어 (신입~8년차),아이지에이웍스(IGAWorks),서울 용산구 , 신입-경력 8년,/wd/264751
265,Back-End 개발자,데일리페이,서울 마포구 , 경력 3년 이상,/wd/262787
266,[전문연구요원(석사)] Software Engineer / Data Analyst,두잇 (Doeat),서울 관악구 , 신입,/wd/241921
267,Data Analyst (신입/2년 이하),두잇 (Doeat),서울 관악구 , 신입-경력 2년,/wd/252207
268,[원티드단독] Data Analyst (5년 이상),두잇 (Doeat),서울 관악구 , 경력 5-15년,/wd/262998
269,[병역특례 현역/보충역] 데이터분석가,넛지헬스케어(캐시워크),서울 강남구 , 신입,/wd/180914
270,머신러닝 엔지니어,클래스유,서울 중구 , 신입-경력 10년,/wd/253794
271,Product Data Analyst (Middle),와드(캐치테이블),경기 성남시 , 경력 5년 이상,/wd/222878
272,Data Engineer (Junior),와드(캐치테이블),경기 성남시 , 경력 2-10년,/wd/260423
273,LLM Agent Engineer,하이퍼리즘,서울 관악구 , 신입-경력 15년,/wd/259857
274,머신러닝 엔지니어 - 자연어 처리 (NLP),스튜디오랩(STUDIO LAB),서울 서초구 , 경력 3-7년,/wd/147279
275,머신러닝 엔지니어 - 컴퓨터 비전,스튜디오랩(STUDIO LAB),서울 서초구 , 경력 2-5년,/wd/82388
276,시각화 개발자,콘센트릭스서비스코리아CATALYST,서울 강남구 , 경력 5-6년,/wd/264627
277,백엔드 개발자 (2~3년이상),엠몬스타,경기 성남시 , 경력 3년 이상,/wd/264369
278,"Backend Engineer I (산업기능요원 전직, 보충역 신규 가능)",와이피랩스(커넥팅),서울 강남구 , 신입,/wd/214338
279,Sr. Backend Engineer,와이피랩스(커넥팅),서울 강남구 , 경력 5-17년,/wd/169285
280,Backend Engineer II,와이피랩스(커넥팅),서울 강남구 , 경력 3-10년,/wd/252452
281,Back end Developer,오케스트로,서울 영등포구 , 신입-경력 15년,/wd/264050
282,Full Stack Developer,오케스트로,서울 영등포구 , 신입-경력 15년,/wd/264051
283,Engineer,오케스트로,서울 영등포구 , 신입-경력 15년,/wd/264052
284,AI Engineer (1-3년),크몽(kmong),서울 서초구 , 경력 1-3년,/wd/245340
285,물류관리팀 Business Analyst (3-7년 이하),우아한형제들(배달의민족),서울 송파구 , 경력 3-7년,/wd/264553
286,Infra/System Engineer,콜로세움코퍼레이션,서울 강남구 , 경력 5년 이상,/wd/264526
287,AI-Software Engineer,크라우드웍스,서울 강남구 , 경력 3년 이상,/wd/247310
288,DNA 기반 Foundation Model 연구팀 팀장,애이마,서울 서초구 , 경력 5년 이상,/wd/264476
289,Python 개발자,에피넷,경기 안양시 , 신입-경력 5년,/wd/263898
290,[백엔드/서버개발] 온라인 광고 플랫폼 개발자,에이아이썸,서울 강남구 , 경력 3년,/wd/264398
291,백엔드 개발,커플매치,서울 성동구 , 경력 3년 이상,/wd/264387
292,AI Research Engineer - 안면 인증,카카오뱅크(kakaobank),경기 성남시 , 경력 3년 이상,/wd/264361
293,AI Research Engineer,카카오뱅크(kakaobank),경기 성남시 , 경력 2년 이상,/wd/264360
294,데이터 마트 개발 담당자 - 빅데이터,카카오뱅크(kakaobank),경기 성남시 , 경력 3년 이상,/wd/264364
295,데이터 플랫폼 엔지니어 - 빅데이터,카카오뱅크(kakaobank),경기 성남시 , 경력 5-9년,/wd/264363
296,Data파트 매니저(데이터 엔지니어),그린카,서울 강남구 , 경력 3년 이상,/wd/253476
297,백엔드개발(Java·Jsp),비상교육,경기 과천시 , 경력 3년 이상,/wd/257668
298,퀀트 개발자,하이퍼리즘,서울 관악구 , 신입 이상,/wd/215342
299,[신입] 머신러닝 엔지니어 (LLM),마키나락스,서울 서초구 , 신입,/wd/264181
300,"BackEnd 개발자(Python, Django)",블리몽키즈,서울 마포구 , 경력 2-10년,/wd/255586
301,"AI Researcher (언어모델, 비전-언어모델, RAG, AI Agent)",인터엑스,서울 금천구 , 경력 5-15년,/wd/261477
302,Data Pipeline Engineer,두나무(업비트/증권플러스),서울 서초구 , 경력 5-15년,/wd/239395
303,[카카오계열사]Prompt Engineer,보이스루,서울 강남구 , 신입 이상,/wd/264121
304,[커머스 AI 스쿼드] AI  백엔드 엔지니어,버즈니(Buzzni),서울 관악구 , 경력 2-9년,/wd/192033
305,Senior ML Research Scientist,라이너(Liner),서울 마포구 , 경력 7년 이상,/wd/264065
306,Senior DevOps Engineer,자비스앤빌런즈(삼쩜삼),서울 강남구 , 경력 5년 이상,/wd/264008
307,GEN AI Engineer,클루커스,서울 강남구 , 경력 2년 이상,/wd/264000
308,Google Cloud Platform Solutions Engineer,클루커스,서울 강남구 , 신입 이상,/wd/263995
309,코덱SW엔지니어 (화질분석),블루닷,서울 강남구 , 경력 2-12년,/wd/143022
310,B2B소프트웨어 서비스 운영개발(5~7년),법틀,서울 성동구 , 경력 5-7년,/wd/262134
311,코덱SW엔지니어 (알고리즘개발),블루닷,서울 강남구 , 경력 2-12년,/wd/168788
312,코덱SW엔지니어 (화질분석/신입),블루닷,서울 강남구 , 신입,/wd/174091
313,코덱SW엔지니어 (알고리즘개발/신입),블루닷,서울 강남구 , 신입,/wd/174088
314,(AI 서비스) 자연어처리(NLP)/ Python 엔진 개발,아일리스프런티어(ailysfrontier),서울 종로구 , 경력 1-3년,/wd/263984
315,[쿠팡] IAM Access Governance Engineer,쿠팡,서울 송파구 , 경력 10년,/wd/261811
316,백엔드 개발자(2년 이상),에이블랩스,인천 연수구 , 경력 2년 이상,/wd/256476
317,주니어 데이터 사이언티스트,디큐랩,경기 파주시 , 신입,/wd/263820
318,SQL 개발자,인포유앤컴퍼니,서울 성동구 , 경력 3-10년,/wd/190413
319,BI 개발자,인포유앤컴퍼니,서울 성동구 , 경력 2-10년,/wd/190419
320,Backend 테크 리드,폰디,서울 강남구 , 경력 8-11년,/wd/255133
321,[NetsPresso] Backend Engineer,노타(Nota),서울 강남구 , 경력 3-10년,/wd/263628
322,[테크사업부] 백엔드개발자 테크 리드,매드업,서울 강남구 , 경력 8년 이상,/wd/237078
323,[테크사업부] 주니어 백엔드 개발자 (전문연구요원 가능),매드업,서울 강남구 , 경력 1-4년,/wd/222550
324,[테크사업부] 시니어 백엔드 개발자,매드업,서울 강남구 , 경력 5-10년,/wd/222552
325,Senior ML Engineer (3년 이상),데이블(Dable),서울 강남구 , 경력 3-5년,/wd/263753
326,Jr. ML Engineer(일반/전문연구요원),데이블(Dable),서울 강남구 , 신입,/wd/263752
327,백엔드 개발자,피닉스랩유한회사 서울지점,서울 서초구 , 경력 2년 이상,/wd/263720
328,LLM Engineer (LLM 학습/튜닝/강화학습),포티투닷(42dot),경기 성남시 , 경력 5-20년,/wd/224603
329,딥러닝/머신러닝(AI) 개발자,스카이랩스(SkyLabs),경기 성남시 , 경력 1-10년,/wd/157560
330,"딥러닝/머신러닝(AI) 개발자 [신입, 전문연구요원(보충역/전직) 가능",스카이랩스(SkyLabs),경기 성남시 , 신입,/wd/188191
331,글로벌 백엔드 엔지니어 (Python),엘리스,서울 강남구 , 신입-경력 5년,/wd/182859
332,백엔드 리드 엔지니어 (Python),엘리스,서울 강남구 , 경력 5-10년,/wd/230306
333,[신입] 백엔드 엔지니어 (Python),엘리스,서울 강남구 , 신입-경력 3년,/wd/162405
334,AI 데이터 사이언티스트,레디포스트,서울 강남구 , 경력 2-5년,/wd/262130
335,[ETL/AI] Data Engineer,디써클,서울 마포구 , 경력 3-9년,/wd/237885
336,백엔드 개발자,밀리의서재,서울 마포구 , 경력 5-12년,/wd/222891
337,Machine Learning Engineer(LLM Application),엘박스,서울 강남구 , 경력 3-10년,/wd/233546
338,Vision AI Engineer,메딜리티,서울 강남구 , 경력 3년 이상,/wd/262320
339,[이미지/비디오 생성형 AI] Research Engineer (전문연구요원),이너버즈,서울 강남구 , 신입,/wd/263463
340,Research Scientist,에어스메디컬,서울 강남구 , 신입,/wd/258011
341,Software Engineer (전문연 가능),렛서,서울 강남구 , 경력 3년 이상,/wd/232917
342,데이터 엔지니어 (3년이상),웅진,서울 중구 , 경력 3-14년,/wd/263446
343,Back-End 개발자,브이씨,서울 강남구 , 경력 5-10년,/wd/263410
344,AI연구소 시니어 연구원,룰루랩(lululab),서울 강남구 , 경력 10년 이상,/wd/261991
345,데이터 엔지니어 (Data Engineer),라플라스테크놀로지스,경기 성남시 , 경력 5-10년,/wd/156626
346,[전문연구요원/병역특례] 디지털 헬스케어 분야 데이터 분석 전문가,렉스소프트,서울 관악구 , 신입 이상,/wd/263385
347,AI 엔지니어(3년 이상),피아스페이스,서울 서초구 , 경력 3년 이상,/wd/263064
348,AI 엔지니어(AI engineer),인딥에이아이,서울 강남구 , 경력 3-10년,/wd/261274
349,주니어 AI 엔지니어,피아스페이스,서울 서초구 , 경력 1년 이상,/wd/263066
350,데이터 엔지니어(DW),카카오페이증권(kakaopay증권),경기 성남시 , 경력 7-15년,/wd/227528
351,[아이디어스/텀블벅] Data Engineer (1년 이상),백패커,서울 서초구 , 경력 1-5년,/wd/262087
352,AI Researcher,아하랩스,경기 성남시 , 경력 2-10년,/wd/239073
353,글로벌 빅데이터 플랫폼 BI 대시보드 기획/운영 (Data Analysis),펑타이그레이터차이나(피티코리아),서울 강남구 , 경력 3-15년,/wd/249518
354,글로벌 빅데이터 플랫폼 BI 솔루션 개발/운영 (Data Analysis),펑타이그레이터차이나(피티코리아),서울 강남구 , 경력 3-7년,/wd/249514
355,AI연구소 AI기반연구팀 팀장 (7년 이상),아이스크림아트,서울 강남구 , 경력 7년 이상,/wd/254617
356,AI 연동 서비스 개발자,아이스크림아트,서울 강남구 , 경력 7-9년,/wd/263225
357,전문연구요원_AI 개발자 (병역 특례),와디즈,경기 성남시 , 신입,/wd/263224
358,Operation / Digital Consultant,코너스톤파트너스디지털,서울 강남구 , 신입-경력 5년,/wd/178246
359,자율주행 로봇 개발자,베스텔라랩,경기 안양시 , 경력 2년 이상,/wd/244675
360,프롬프트 엔지니어,베스텔라랩,경기 안양시 , 경력 5년 이상,/wd/244674
361,빅데이터 개발자(전문연구요원가능),베스텔라랩,경기 안양시 , 신입 이상,/wd/230664
362,자율주행 연구원(전문연구요원가능),베스텔라랩,경기 안양시 , 경력 2년 이상,/wd/229472
363,영상 처리 연구/개발(전문연구요원가능),베스텔라랩,경기 안양시 , 경력 2년 이상,/wd/229465
364,데이터 엔지니어,오픈놀,서울 마포구 , 경력 2년 이상,/wd/263124
365,Cyber Threat Analyst (사이버 위협 분석가),에스투더블유(S2W),경기 성남시 , 신입,/wd/237795
366,Senior Threat Analyst (시니어 위협 분석가),에스투더블유(S2W),경기 성남시 , 경력 3-10년,/wd/232172
367,API 시스템 개발/운영 (리더급/시니어),기웅정보통신,서울 금천구 , 경력 5-15년,/wd/253786
368,ML Researcher,메이아이,서울 강남구 , 경력 2년 이상,/wd/110601
369,Research Engineer,엘박스,서울 강남구 , 경력 3-10년,/wd/239644
370,"ML engineer/ AI researcher (전문연구요원 - 보충역, 전직자)",알세미,서울 강남구 , 신입-경력 2년,/wd/262796
371,ML engineer/ AI researcher (Junior),알세미,서울 강남구 , 신입-경력 5년,/wd/262798
372,ML engineer/ AI researcher (Senior),알세미,서울 강남구 , 경력 5-10년,/wd/262809
373,Artificial Intelligence (AI) Researcher,휴런,서울 영등포구 , 경력 2-10년,/wd/262980
374,ML Engineer (Trust & Safety),라이너(Liner),서울 마포구 , 경력 3년 이상,/wd/262957
375,Senior Data Engineer,라이너(Liner),서울 마포구 , 경력 5년 이상,/wd/248658
376,[Slot] Server,앤서스랩코리아,서울 강남구 , 경력 3-5년,/wd/245174
377,[DX]Data Warehouse Engineer,앤서스랩코리아,서울 강남구 , 경력 6년 이상,/wd/245126
378,[R&D] ML/DL 엔지니어 (5년 이상),에코앤리치,서울 성동구 , 경력 5년 이상,/wd/216934
379,백엔드 엔지니어(B.E),클래스유,서울 중구 , 경력 3년 이상,/wd/262850
380,Back-End 개발자,타디스테크놀로지,서울 성동구 , 경력 2-7년,/wd/262786
381,Sr. Machine Learning Software Engineer (MG AI),하이퍼커넥트,서울 강남구 , 경력 4년 이상,/wd/254450
382,블록체인 개발팀 (팀원) - DevOps 엔지니어,이노그리드,서울 중구 , 경력 5년 이상,/wd/261935
383,비전 AI 솔루션 아키텍트,한국딥러닝,서울 서초구 , 경력 3-15년,/wd/262613
384,AI 엔지니어,한국딥러닝,서울 서초구 , 경력 3-15년,/wd/262611
385,시니어 ML/DL 비전 엔지니어,한국딥러닝,서울 서초구 , 경력 5-18년,/wd/262614
386,Senior Data Analyst (5년 이상),메이크스타,서울 강남구 , 경력 5-15년,/wd/203288
387,K8S 구축 백엔드 빅데이터 개발자,미리비트,경기 성남시 , 경력 3-15년,/wd/251691
388,[CROSS SHOP] Python Backend Developer,크로스이엔에프,서울 강남구 , 경력 3-8년,/wd/238977
389,Senior AI Research Engineer,타이드풀(TIDEPOOL),경기 용인시 , 경력 3-8년,/wd/183049
390,백엔드 개발자 (3~7년),핑퐁,서울 종로구 , 경력 3-7년,/wd/262509
391,AI Engineer,아키스케치,서울 성동구 , 경력 2-10년,/wd/261919
392,[AI플랫폼팀]데이터사이언티스트,씨제이올리브영(CJ올리브영),서울 용산구 , 경력 6-15년,/wd/262480
393,[AI플랫폼팀] 백엔드 개발자,씨제이올리브영(CJ올리브영),서울 용산구 , 경력 6-12년,/wd/262493
394,Machine Learning Software Engineer (MG AI),하이퍼커넥트,서울 강남구 , 경력 2년 이상,/wd/262494
395,디지털 헬스케어 분야 데이터 분석 전문가,렉스소프트,서울 관악구 , 신입 이상,/wd/262488
396,[기술본부] Machine Learning Engineer (3년이상),데브시스터즈(Devsisters),서울 강남구 , 경력 3년 이상,/wd/262455
397,[기술본부] Data Platform Software Engineer,데브시스터즈(Devsisters),서울 강남구 , 경력 3년 이상,/wd/262459
398,MLOps Engineer,여기어때컴퍼니,서울 강남구 , 경력 5-10년,/wd/253684
399,"Machine Learning Engineer, R&D",클로버추얼패션(CLOVirtualFashion),서울 강남구 , 경력 2년 이상,/wd/157781
400,"Machine Learning Engineer, R&D",클로버추얼패션(CLOVirtualFashion),서울 강남구 , 경력 2년 이상,/wd/157781
401,백엔드개발자 (3년~5년),테이텀,서울 강남구 , 경력 3-5년,/wd/262364
402,인공지능 개발자,니어브레인,서울 강남구 , 경력 3-7년,/wd/262340
403,[AI연구소] AI연구원 - Computer Vision AI,딥노이드(Deepnoid),서울 구로구 , 신입,/wd/236095
404,Backend Junior Engineer (PHP / Python),코비그룹,서울 강남구 , 신입-경력 3년,/wd/262295
405,백엔드 개발자 (클라우드),그루매틱,경기 성남시 , 경력 3-7년,/wd/198604
406,머신러닝 엔지니어 (LLM),마키나락스,서울 서초구 , 경력 3-8년,/wd/225016
407,AI Research Engineer (Document AI),업스테이지,경기 , 경력 2-10년,/wd/262161
408,AI 엔지니어 (전문연구요원 신규/편입 가능),워트인텔리전스,서울 서초구 , 경력 3-20년,/wd/231152
409,신약개발 특허분석 인공지능 연구원,보로노이,인천 연수구 , 신입-경력 10년,/wd/258119
410,신약개발 단백질 구조예측  인공지능 연구원,보로노이,인천 연수구 , 경력 3년 이상,/wd/261663
411,신약개발 NLP / OCR  인공지능 연구원,보로노이,인천 연수구 , 경력 3-10년,/wd/207703
412,Computer Vision AI Engineer_senior,파인더스에이아이,서울 서초구 , 경력 7-12년,/wd/235821
413,Computer Vision AI Engineer_Junior,파인더스에이아이,서울 서초구 , 신입-경력 5년,/wd/235822
414,Forward Deployed Engineer,베슬에이아이(VESSL AI),서울 서초구 , 경력 3년 이상,/wd/262106
415,Prompt Engineer,위티,서울 종로구 , 신입-경력 3년,/wd/261241
416,데이터 엔지니어,핵클(Hackle),서울 강남구 , 경력 5-20년,/wd/159253
417,Data Engineer,지엔터프라이즈,서울 강남구 , 경력 3-7년,/wd/261996
418,Quantitative Developer,슈페릭스,서울 강남구 , 경력 3-25년,/wd/106153
419,차세대R&D센터 (팀원),이노그리드,서울 중구 , 경력 3년 이상,/wd/261967
420,Backend Engineer - Platform,에이비일팔공(AB180),서울 서초구 , 경력 3년 이상,/wd/248675
421,[클라우드 연구센터] 인프라 플랫폼팀 (팀장),이노그리드,서울 중구 , 경력 3년 이상,/wd/261956
422,"L4-L7스위치 연동 S/W 및 API 애플리케이션 C,Python,Linux",파이오링크,서울 금천구 , 경력 2-10년,/wd/243135
423,콘텐츠 프로듀서 (데이터 사이언스 교육),코드잇(codeit),서울 중구 , 신입-경력 10년,/wd/218263
424,백엔드 개발자(Backend Developer),크리스비,서울 서대문구 , 신입-경력 2년,/wd/261717
425,AI Engineer (LLM),워프스페이스,서울 서초구 , 경력 2-10년,/wd/230817
426,"인공지능, 알고리즘 엔지니어",럭스로보(LUXROBO),서울 강남구 , 경력 2년 이상,/wd/233519
427,[Healthacre BU] AI Engineer,삼양식품,서울 성동구 , 경력 2년 이상,/wd/261596
428,데이터엔지니어 (3년 이상),카이헬스,서울 강남구 , 경력 3년 이상,/wd/261523
429,AI Engineer(3년 이상),포디(FODI),서울 강남구 , 경력 3-7년,/wd/261551
430,AI 연구/개발 담당자,씨어스테크놀로지,경기 성남시 , 경력 5년 이상,/wd/261537
431,서비스개발본부 백엔드개발팀 백엔드개발자,비큐에이아이,서울 중구 , 경력 3년 이상,/wd/258361
432,ML Engineer,티오리(Theori),서울 강남구 , 경력 3년 이상,/wd/259036
433,백엔드 엔지니어,빅테크플러스,서울 영등포구 , 경력 3-5년,/wd/261304
434,MLOps Team Leader,여기어때컴퍼니,서울 강남구 , 경력 7-15년,/wd/199680
435,영상처리 알고리즘 신입 개발자,유아이엠디,경기 과천시 , 신입-경력 2년,/wd/261297
436,데이터분석가,넛지헬스케어(캐시워크),서울 강남구 , 신입-경력 3년,/wd/157552
437,AI 백엔드 엔지니어,서치라이트,서울 노원구 , 경력 3-7년,/wd/261211
438,[프로그래머스] 백엔드 개발자 (교육솔루션팀),그렙(프로그래머스),서울 서초구 , 신입-경력 3년,/wd/261160
439,백엔드 개발자(3년 이상),데일리샷,서울 강남구 , 경력 3-7년,/wd/206447
440,[개발운영] 주니어 AI 개발자 (병역특례 전문연구요원),누리미디어(DBpia),서울 마포구 , 신입,/wd/257808
441,System Trading Developer,에스앤제이랩(SNJLab),서울 강남구 , 경력 3-15년,/wd/181911
442,데이터 엔지니어,펫프렌즈,서울 강남구 , 경력 3-5년,/wd/261084
443,[AI연구팀] Computer Vision AI 엔지니어,텔레픽스,서울 영등포구 , 경력 2-10년,/wd/261037
444,풀스택 웹 개발자 (Python/Django),웜블러드,서울 강남구 , 경력 4-8년,/wd/142233
445,AI Scientist (연구/개발),제네시스랩,서울 중구 , 경력 1-10년,/wd/260957
446,데이터 분석가(Data Analyst),더스윙,서울 용산구 , 경력 1-10년,/wd/260933
447,비전 알고리즘 개발,에이치비솔루션,충남 아산시 , 경력 1년 이상,/wd/260907
448,Expert Backend Engineer (Lunit SCOPE),루닛(Lunit),서울 강남구 , 경력 10-12년,/wd/220384
449,3차원 머신비전 알고리즘 개발자,클레,서울 성동구 , 경력 2-10년,/wd/134568
450,Sotware Engineer -AI/ML,블루개러지(Blue Garage),서울 강동구 , 경력 4년 이상,/wd/260755
451,Data Engineer - 2년 이상,샵라이브,서울 강남구 , 경력 2-5년,/wd/260713
452,광학장비(검사장비) 소프트웨어 개발자,위브,경기 성남시 , 경력 3-7년,/wd/260632
453,"Development, SW 개발 담당 (5년이상)",프로메디우스,서울 송파구 , 경력 5-8년,/wd/260649
454,BE Engineer,이마고웍스,서울 강남구 , 경력 5년 이상,/wd/260263
455,Search Engineer (전문연구요원 가능),라이너(Liner),서울 마포구 , 경력 3년 이상,/wd/230097
456,개발 리드(서버 개발 팀장),펀치랩,서울 강남구 , 경력 6-10년,/wd/260265
457,Machine Learning Researcher (Vision),메디픽셀,서울 강남구 , 경력 1-10년,/wd/204312
458,Data Scientist (Manufacturing Data) (KR),가우스랩스(Gauss Labs),서울 강남구 , 경력 3년 이상,/wd/260372
459,DBA,핀다(FINDA),서울 , 경력 2년 이상,/wd/260359
460,AI Engineer,자비스앤빌런즈(삼쩜삼),서울 강남구 , 경력 3-10년,/wd/228746
461,Product Data Analyst,라이너(Liner),서울 마포구 , 경력 3년 이상,/wd/85810
462,"NestJS, Python 백엔드 개발자(5년차이상)",씨에스엠17,서울 금천구 , 경력 5년 이상,/wd/255914
463,AI 개발자 (리더급),딥인사이트,경기 성남시 , 경력 5-7년,/wd/260005
464,데이터 엔지니어,카카오헬스케어,경기 성남시 , 경력 5년 이상,/wd/260101
465,[보안AI사업본부] 백엔드 개발자,딥노이드(Deepnoid),서울 구로구 , 경력 8년,/wd/260038
466,"AI 엔지니어 (89년 이후 출생, TIPS)",베베리아,서울 강남구 , 경력 3년 이상,/wd/259951
467,의료SW그룹 알고리즘 (5년 이상),에이엠시지(AMCGCo.Ltd.),서울 서초구 , 경력 5-20년,/wd/259869
468,AI/ML Engineer (전문연구요원 가능),플립션코리아,경기 성남시 , 경력 1-5년,/wd/259852
469,플랫폼 백엔드 개발자,넥슨유니버스,경기 성남시 , 경력 4년 이상,/wd/188531
470,웹서비스 백엔드 개발,어플레이즈,서울 강남구 , 경력 3-15년,/wd/164215
471,백엔드 엔지니어 (Python/Django),뮤즈라이브(Muzlive),서울 마포구 , 경력 2-10년,/wd/18295
472,[전문연구요원] Computer Vision Engineer,스누아이랩,경기 수원시 , 신입,/wd/259584
473,선행기술개발 머신비전 H/W,이엘피,경기 화성시 , 경력 3-10년,/wd/199637
474,연구소 회로설계 및 HW 개발,이엘피,경기 화성시 , 신입-경력 7년,/wd/241168
475,PC 제어 개발 (5년이상),이엘피,경기 화성시 , 경력 5-10년,/wd/253066
476,백엔드 개발자,디오비스튜디오,서울 마포구 , 경력 7년 이상,/wd/259470
477,AI Agent 개발자,르몽,서울 강남구 , 경력 2-10년,/wd/257472
478,데이터 사이언티스트,바로팜,서울 강남구 , 경력 1-10년,/wd/255684
479,AI 백엔드 엔지니어,인포유앤컴퍼니,서울 성동구 , 경력 3년 이상,/wd/259306
480,Python Backend Developer,크로스이엔에프,서울 강남구 , 경력 5-8년,/wd/238973
481,데이터 엔지니어 [데이터팀],원티드랩,서울 송파구 , 경력 3-10년,/wd/106479
482,파이썬 개발자 [HR솔루션팀],원티드랩,서울 송파구 , 경력 4년 이상,/wd/255475
483,Data Engineer,토스페이먼츠,서울 강남구 , 신입,/wd/257621
484,DBA(MySQL),토스페이먼츠,서울 강남구 , 경력 5년 이상,/wd/257623
485,[Mnet Plus] Data Analyst,씨제이이엔엠(CJ ENM),서울 마포구 , 경력 3년 이상,/wd/259165
486,백엔드 개발자,스매시,서울 강남구 , 경력 4년 이상,/wd/259109
487,AI Researcher & Engineer (2년 이상),나니아랩스,서울 강서구 , 경력 2년,/wd/259098
488,"B2G, B2B 사업 TPM(Technical Program Manager)",한국딥러닝,서울 서초구 , 경력 5-15년,/wd/258371
489,C++ 소프트웨어 엔지니어,클레온,서울 중구 , 경력 2-10년,/wd/258979
490,인공지능 개발자,바이브온코퍼레이션,서울 마포구 , 경력 3년 이상,/wd/258938
491,Deep learning(이미지) 연구/개발,씨드로닉스,서울 강남구 , 경력 3년 이상,/wd/258943
492,Back-end (AI Data Platform),씨드로닉스,서울 강남구 , 경력 2-5년,/wd/258942
493,AI Edge 하드웨어 기반 소프트웨어 엔지니어,비씨엠테크,경기 안양시 , 신입-경력 8년,/wd/258850
494,[Tech] DBA (5년 이상),위대한상상(요기요),서울 서초구 , 경력 5년 이상,/wd/255413
495,Runtime 소프트웨어 엔지니어 (전문연구요원 가능),에너자이(ENERZAi),서울 강남구 , 신입,/wd/185538
496,서버 개발자,타다(VCNC),서울 성동구 , 경력 2-10년,/wd/236489
497,백엔드 개발자 (2년이상),위즈덤하우스집현전,서울 강남구 , 경력 2-5년,/wd/258461
498,SW개발자(풀스택),알지티,서울 금천구 , 경력 5-12년,/wd/258588
499,금융 데이터 사이언티스트 / DATA SCIENTIST,앤톡(Antock),서울 성동구 , 경력 2-5년,/wd/258577
500,Technical Program Manager · AI Platform,루닛(Lunit),서울 강남구 , 경력 6년 이상,/wd/257367
501,미용의료기기 임베디드 S/W 개발자(2~10년),바즈바이오메딕,서울 강남구 , 경력 2-10년,/wd/253072
502,AI 개발자,일루니,서울 서초구 , 경력 1년 이상,/wd/258496
503,System SW Technical Lead,보스반도체,경기 성남시 , 경력 8-20년,/wd/240143
504,ADAS NPU AI SW엔지니어,보스반도체,경기 성남시 , 경력 2-20년,/wd/256909
505,Data Automation Core Platform Backend Engineer,인핸스(Enhans),서울 서초구 , 경력 4-15년,/wd/255704
506,Senior AI Engineer,누비랩,서울 강남구 , 경력 3년 이상,/wd/241300
507,데이터 사이언티스트(Data Scientist),그린랩스,서울 송파구 , 경력 2-5년,/wd/257507
508,Deep Learning Platform Engineer (전문연 가능),아이브,서울 서초구 , 경력 4년 이상,/wd/236866
509,[TADA] DevOps Engineer,이지식스(엠블),서울 강남구 , 경력 3-8년,/wd/258130
510,AI 엔지니어 리더,숲(SOOP),경기 성남시 , 경력 8년 이상,/wd/231163
511,머신러닝 솔루션 아키텍트,모레,서울 서초구 , 경력 1-5년,/wd/243908
512,가상자산추적분석 전문가,클로인트,서울 서초구 , 경력 5-15년,/wd/250850
513,데이터 사이언티스트 (검색/추천),컬리,서울 강남구 , 경력 2-7년,/wd/244755
514,Backend/Application Engineer · Lunit INSIGHT,루닛(Lunit),서울 강남구 , 경력 7년 이상,/wd/242023
515,AI/스마트팩토리 프로젝트 매니저(PM),아하랩스,경기 성남시 , 경력 5년 이상,/wd/257755
516,AI ML 엔지니어,비상교육,경기 과천시 , 경력 5-7년,/wd/257689
517,IT 인프라 엔지니어(SE),비상교육,경기 과천시 , 경력 4년 이상,/wd/257664
518,Devops 인프라엔지니어,비상교육,경기 과천시 , 경력 4년 이상,/wd/257654
519,[Tech] 품질개발팀 QA Engineer,우아한형제들(배달의민족),서울 송파구 , 경력 4년 이상,/wd/257603
520,[Tech] AI실 추천프로덕트팀 데이터엔지니어,우아한형제들(배달의민족),서울 송파구 , 경력 4년 이상,/wd/257605
521,딜리버리최적화팀 데이터분석 지원 담당자,우아한형제들(배달의민족),서울 송파구 , 신입-경력 10년,/wd/257606
522,백엔드 엔지니어,두어스,서울 서초구 , 경력 1-10년,/wd/242470
523,데이터 엔지니어,컬리,서울 강남구 , 경력 5-7년,/wd/246566
524,Lead Audio DSP Engineer (음성 신호처리 및 응용 시스템 개발),포티투닷(42dot),경기 , 경력 10년 이상,/wd/255033
525,Audio DSP Engineer (음성 신호처리 및 응용 시스템 개발),포티투닷(42dot),경기 , 경력 10년 이상,/wd/257396
526,AI 개발자,일만백만,서울 강남구 , 경력 3-10년,/wd/230871
527,SW개발 AI 개발자,더블티,경기 수원시 , 신입,/wd/257108
528,AI/ML Product Engineer,부릉,서울 서초구 , 경력 3-15년,/wd/257004
529,[인턴][포카마켓] 백엔드 Django 개발자,인플루디오,서울 마포구 , 신입,/wd/256404
530,[Mantra]  기계 학습 엔지니어/연구원_근무지 일본,원티드 재팬(wanted),서울 , 경력 5-15년,/wd/257115
531,보안 위협 분석 플랫폼 개발 / 데이터 처리 & ML 모델 연구(전문연구요원 가능),시큐레터,경기 성남시 , 경력 2년 이상,/wd/256992
532,DBA,디어유,서울 강남구 , 경력 5-10년,/wd/256921
533,HATIV Backend 개발자 (시니어),뷰노,서울 서초구 , 경력 2-12년,/wd/256772
534,HATIV Backend 개발자 (주니어),뷰노,서울 서초구 , 경력 2-5년,/wd/256770
535,Python 개발자,이수시스템,서울 서초구 , 경력 7-15년,/wd/256685
536,Backend Engineer,블루밍그레이스,서울 강남구 , 경력 3-10년,/wd/256114
537,AI 엔지니어,인플루엔셜(윌라),서울 서초구 , 경력 2-10년,/wd/256529
538,Backend 개발자,티비유,서울 서초구 , 경력 1년 이상,/wd/239334
539,[포카마켓] 백엔드 Django 개발자 (2년이상),인플루디오,서울 마포구 , 경력 2-6년,/wd/230788
540,Python Backend Engineer,에임(AIM),서울 강남구 , 신입-경력 7년,/wd/2447
541,AI/ML Research Engineer (3년이상),제이앤피메디(JNPMEDI),인천 연수구 , 경력 3년 이상,/wd/245214
542,Backend engineer,메디웨일,서울 강남구 , 경력 5-10년,/wd/184268
543,머신러닝 엔지니어,메디웨일,서울 강남구 , 신입,/wd/245705
544,데이터 사이언티스트,메디웨일,서울 강남구 , 신입,/wd/245706
545,백엔드 엔지니어 (Python),엘리스,서울 강남구 , 경력 3-5년,/wd/57878
546,소프트웨어 엔지니어 Desktop App,도르코퍼레이션,서울 강남구 , 경력 2-10년,/wd/204942
547,로봇 S/W 엔지니어,메디스비,서울 서대문구 , 신입-경력 20년,/wd/255575
548,CAD Engineer - 전문연구요원 가능,이마고웍스,서울 강남구 , 신입-경력 15년,/wd/226137
549,Backend Engineer 팀원,마이뮤직테이스트,서울 강남구 , 경력 3-7년,/wd/255716
550,ML Engineer,데이터메이커,대전 유성구 , 경력 3년 이상,/wd/195492
551,백엔드 엔지니어,스튜디오랩(STUDIO LAB),서울 서초구 , 경력 3년 이상,/wd/242708
552,AI 개발(STT/LLM),넥서스커뮤니티,서울 영등포구 , 경력 7-10년,/wd/198559
553,데이터 엔지니어,에이블리코퍼레이션,서울 서초구 , 경력 4년 이상,/wd/65802
554,해운 선사용 IT솔루션 개발(MSA방식),싸이버로지텍,서울 마포구 , 경력 5-15년,/wd/255417
555,AI 엔지니어 (5년 이상),버티컬바,서울 강남구 , 경력 5-10년,/wd/255370
556,Visual SLAM 연구원 (서울),폴라리스쓰리디(Polaris3D),서울 용산구 , 경력 3년 이상,/wd/255121
557,Visual SLAM 연구원 (포항),폴라리스쓰리디(Polaris3D),경북 포항시 , 경력 3년 이상,/wd/255122
558,[ATI]AI Software Engineer,앤서스랩코리아,서울 강남구 , 경력 3년 이상,/wd/245118
559,R&D / AI Researcher,반프,서울 강남구 , 경력 3년 이상,/wd/254881
560,백엔드 개발자,원체크,경기 안양시 , 경력 3-10년,/wd/254832
561,데이터 엔지니어,레진엔터테인먼트,서울 성동구 , 경력 5-10년,/wd/252891
562,의료 데이터분석가,에비드넷,서울 강남구 , 경력 1년 이상,/wd/254514
563,DBA·데이터엔지니어링,다날(Danal),경기 성남시 , 경력 10년 이상,/wd/244850
564,AI 최적화 Researcher,에너자이(ENERZAi),서울 강남구 , 신입,/wd/219652
565,(전문연구요원 가능) AI 컴파일러 엔지니어,에너자이(ENERZAi),서울 강남구 , 신입,/wd/110132
566,(전문연구요원 가능) ML Engineer/Researcher,에너자이(ENERZAi),서울 강남구 , 신입,/wd/110126
567,백엔드 개발자 (시니어),아트라미,대구 남구 , 경력 5-15년,/wd/254231
568,AI서비스 서버개발자,카카오페이증권(kakaopay증권),경기 성남시 , 경력 5년 이상,/wd/254012
569,데이터 분석가,중앙일보,서울 마포구 , 경력 5-10년,/wd/250767
570,AI engineer (prompt engineer),도슨티,서울 관악구 , 신입-경력 15년,/wd/218810
571,데이터 개발,중앙일보,서울 마포구 , 경력 5-8년,/wd/147952
572,SW개발팀 AI Leader 및 AI 개발,디오,부산 해운대구 , 경력 8-15년,/wd/253987
573,FMS 설계 및 개발 소프트웨어 엔지니어,토르드라이브,서울 영등포구 , 경력 3-10년,/wd/253979
574,백엔드 엔지니어,피에프씨테크놀로지스,서울 서초구 , 경력 1년 이상,/wd/244761
575,Back-end Engineer (Python),올거나이즈코리아(Allganize Korea),서울 강남구 , 경력 3-15년,/wd/251051
576,컨테이너 플랫폼 구축/운영 전문가 영입,에스케이씨앤씨(SK C&C),경기 성남시 , 경력 5-15년,/wd/253884
577,DB 구축/운영 전문가 영입,에스케이씨앤씨(SK C&C),경기 성남시 , 경력 5-15년,/wd/253873
578,2D/3D Vision Foundation Model Engineer,씨메스(CMES),서울 강남구 , 경력 3-10년,/wd/253423
579,LLM Researcher,애자일소다,서울 강남구 , 신입 이상,/wd/253458
580,Document AI Researcher,애자일소다,서울 강남구 , 신입 이상,/wd/253469
581,Backend Engineer (AI Assistant Platform),포티투닷(42dot),경기 성남시 , 경력 3-20년,/wd/253676
582,파이썬 개발자 [코어강화팀],원티드랩,서울 송파구 , 경력 5년 이상,/wd/236544
583,AI Researcher,셀렉트스타,서울 강남구 , 경력 3-10년,/wd/222017
584,"2D/3D Detection, Vision Inspection Engineer",씨메스(CMES),서울 강남구 , 신입-경력 10년,/wd/253422
585,Medical Imaging AI Research Engineer,휴톰,서울 마포구 , 경력 3-10년,/wd/253557
586,금융투자플랫폼 서비스 주니어 백엔드 개발자,퀀팃,서울 영등포구 , 경력 2-6년,/wd/253583
587,Senior Backend Engineer (AI Platform),포티투닷(42dot),경기 성남시 , 경력 5-20년,/wd/193794
588,금융투자플랫폼 서비스 시니어 백엔드 개발자,퀀팃,서울 영등포구 , 경력 5-14년,/wd/148896
589,프론트엔드 개발자,데일리펀딩,서울 강남구 , 경력 2-8년,/wd/30767
590,Back Office 개발자,데일리펀딩,서울 강남구 , 경력 3-6년,/wd/131289
591,백엔드 리드 개발자 (7년 이상),모던라이언,서울 영등포구 , 경력 7-15년,/wd/253350
592,데이터 컨설팅 및 구축 사업 PM/PL 담당자,비투엔,서울 용산구 , 경력 10년 이상,/wd/252816
593,AI/ML 엔지니어(2년~5년),데이터노우즈,서울 강남구 , 경력 2-5년,/wd/253322
594,AI 기술 기반 콘텐츠 혁신 프로젝트 리드 엔지니어(PM),이브로드캐스팅,서울 영등포구 , 경력 3년 이상,/wd/253196
595,[ATI]AI Engineer - LLM Application,앤서스랩코리아,서울 강남구 , 경력 3년 이상,/wd/245117
596,소프트웨어 개발자 및 CTO,모빌리티랩,경기 안산시 , 경력 3년,/wd/253040
597,개발,모빌리티랩,경남 창원시 , 경력 3년 이상,/wd/252922
598,[AI연구팀]NLP 딥러닝 엔지니어,텔레픽스,서울 영등포구 , 경력 2-10년,/wd/226146
599,SCM 개발/운영 및 솔루션 전문가 영입,에스케이씨앤씨(SK C&C),경기 성남시 , 경력 3-15년,/wd/252690
600,AI 개발자,르호사,서울 강남구 , 경력 3년 이상,/wd/243804
601,소프트웨어 엔지니어 (자율주행),마스오토,서울 서초구 , 경력 1-10년,/wd/198840
602,머신러닝 엔지니어,아이지에이웍스(IGAWorks),서울 용산구 , 신입-경력 5년,/wd/244779
603,Data Scientist,바이온사이트,서울 성동구 , 경력 3-10년,/wd/167495
604,Junior ML Engineer,바이온사이트,서울 성동구 , 경력 3년,/wd/246628
605,Senior ML Engineer,바이온사이트,서울 성동구 , 경력 10년 이상,/wd/246633
606,[전문연구요원 가능] 영상처리 알고리즘 개발자,유아이엠디,경기 과천시 , 신입-경력 2년,/wd/251951
607,서비스/인프라 엔지니어,마인즈앤컴퍼니,서울 강남구 , 경력 2-10년,/wd/231392
608,[기술본부] Data Warehouse Engineer (5년 이상),데브시스터즈(Devsisters),서울 강남구 , 경력 5년 이상,/wd/251918
609,가상자산추적분석 전문가,페어스퀘어랩,서울 서초구 , 경력 5-10년,/wd/251886
610,백엔드 개발자,슬로우플랫폼,서울 강동구 , 경력 2-5년,/wd/251888
611,Python 기반 비디오 스트리밍 백엔드 및 영상처리 파이프라인 개발,인휴먼즈,서울 용산구 , 경력 3년 이상,/wd/251806
612,빅데이터 K8S환경 구축 운영 (7년이상),미리비트,경기 성남시 , 경력 7년 이상,/wd/251274
613,클라우드 개발자 (3~10년차),미리비트,경기 성남시 , 경력 3-10년,/wd/251692
614,아키텍처 PM (15년차 이상),미리비트,경기 성남시 , 경력 15년 이상,/wd/251688
615,[キャディ株式会社]Data Engineer_근무지 일본,원티드 재팬(wanted),서울 , 경력 5-15년,/wd/251513
616,Simulation Software Engineer,토르드라이브,서울 영등포구 , 경력 3-10년,/wd/250911
617,데이터 기획 및 분석 (BI),해긴,서울 구로구 , 경력 8-20년,/wd/240082
618,Deep Learning Researcher (전문연 가능),아이브,서울 서초구 , 경력 2-10년,/wd/118628
619,머신비전 Application Engineer (전문연 가능),아이브,서울 서초구 , 경력 3-10년,/wd/118655
620,피부 질환 검출 모델 개발,룰루랩(lululab),서울 강남구 , 경력 1-5년,/wd/238946
621,Python 개발 연구원,엑스오비스,서울 강남구 , 경력 2-6년,/wd/250770
622,데이터 분석가 (3년차 이상),파이프트리스마트팜(PAIPTREESmartFarmInc.),서울 강남구 , 경력 3년 이상,/wd/250669
623,ML Engineer (LLM),비비던트코리아,서울 강남구 , 경력 3-10년,/wd/250559
624,"python, go 백엔드 개발자",크로논랩스,서울 마포구 , 경력 3년 이상,/wd/250476
625,Frontend Engineer(시니어),마이뮤직테이스트,서울 강남구 , 경력 3-7년,/wd/250400
626,DataScientist (전문연 지원 가능),마인즈앤컴퍼니,서울 강남구 , 경력 3-10년,/wd/215981
627,ML Engineer (전문연 지원 가능),마인즈앤컴퍼니,서울 강남구 , 경력 3-15년,/wd/249841
628,Backend Engineer (전문연 지원 가능),마인즈앤컴퍼니,서울 강남구 , 경력 3-20년,/wd/231440
629,AI Engineer (전문연 지원 가능),마인즈앤컴퍼니,서울 강남구 , 경력 3-10년,/wd/215978
630,Search Engineer,마인즈앤컴퍼니,서울 강남구 , 경력 3-15년,/wd/250003
631,[キャディ株式会社] MLOps Engineer_근무지 일본,원티드 재팬(wanted),서울 , 경력 5-15년,/wd/250091
632,[キャディ株式会社] Machine Learning Engineer_근무지 일본,원티드 재팬(wanted),서울 , 경력 5-15년,/wd/250087
633,AI 분야 소프트웨어 (4년이상),글로벌시스템스,대전 유성구 , 경력 4년 이상,/wd/250004
634,ML Engineer,토스뱅크,서울 강남구 , 경력 2-20년,/wd/203912
635,AI Model Production (LLM),업스테이지,경기 , 경력 2-15년,/wd/237208
636,Senior Backend Engineer · AI Platform,루닛(Lunit),서울 강남구 , 경력 6-13년,/wd/249522
637,AI 연구원,로완,서울 중구 , 경력 1-7년,/wd/248857
638,AI 연구 리더,로완,서울 중구 , 경력 5-20년,/wd/235682
639,AI 엔지니어,로완,서울 중구 , 경력 1-7년,/wd/249411
640,AI 엔지니어 리더,로완,서울 중구 , 경력 5-15년,/wd/229342
641,Backend Engineer (Python),뤼튼테크놀로지스,서울 서초구 , 경력 3년 이상,/wd/239124
642,데이터 사이언티스트,교보문고,서울 마포구 , 신입-경력 15년,/wd/84866
643,AI 엔지니어,원라인에이아이,서울 마포구 , 경력 2년 이상,/wd/248985
644,Senior Data Engineer - LLM,업스테이지,경기 , 경력 7-15년,/wd/248977
645,[AI반도체] NPU Field Application Engineer,모빌린트,서울 강남구 , 경력 5년 이상,/wd/248560
646,백엔드 엔지니어,미르니,서울 관악구 , 신입-경력 4년,/wd/248695
647,Deep Learning Engineer (음성/화자 인식),포티투닷(42dot),경기 , 경력 2-15년,/wd/241270
648,[AI반도체] Deep Learning Research Engineer,모빌린트,서울 강남구 , 경력 5-20년,/wd/75640
649,[AI반도체] Deep Learning Optimization Engineer,모빌린트,서울 강남구 , 신입-경력 20년,/wd/147525
650,[AI반도체] NPU Compiler Engineer (전문연구요원 가능),모빌린트,서울 강남구 , 신입-경력 10년,/wd/117659
651,AI 엔지니어,엘리스,서울 강남구 , 신입-경력 10년,/wd/198065
652,"웹개발자(Python, Django) 3년이상",리걸테크,서울 성동구 , 경력 3-7년,/wd/148349
653,TA(Technical  Architect)/DBA,메타넷글로벌,서울 강남구 , 경력 10-16년,/wd/248340
654,병역특례 전문연구요원(AI연구원),모빅랩,서울 서초구 , 경력 1-20년,/wd/248021
655,Senior AI Researcher,모빅랩,서울 서초구 , 경력 3-25년,/wd/205410
656,[개발운영] 시니어 AI 개발자,누리미디어(DBpia),서울 마포구 , 경력 7-10년,/wd/247998
657,데이터 엔지니어 - DW / BI 시스템 개발,카카오페이(kakaopay),경기 성남시 , 경력 5-10년,/wd/247935
658,데이터 엔지니어(Data Analytics Engineer),엔비티(NBT),서울 서초구 , 경력 7-14년,/wd/247877
659,[Mantra株式会社]機械学習エンジニア・リサーチャー／エンタメ×AIの最先端の研究開発をリード_근무지 일본,원티드 재팬(wanted),서울 , 경력 5-15년,/wd/247448
660,데이터 엔지니어,엘리스,서울 강남구 , 경력 3-7년,/wd/247657
661,백엔드 엔지니어 (Cloud),엘리스,서울 강남구 , 경력 2년 이상,/wd/237142
662,데이터 엔지니어(DE),기어세컨드,서울 마포구 , 경력 3년 이상,/wd/247509
663,Sensor Fusion Engineer (자율주행),포티투닷(42dot),경기 성남시 , 경력 5-20년,/wd/150909
664,Data Architect,빅밸류,서울 중구 , 신입,/wd/243688
665,Data Scientist,빅밸류,서울 중구 , 신입-경력 5년,/wd/242110
666,Control System Engineer,포티투닷(42dot),경기 성남시 , 경력 3-15년,/wd/185686
667,Data Scientist,바잉스퀘어,서울 강남구 , 경력 3년 이상,/wd/247294
668,Software Engineer (Back-end),코클,서울 강남구 , 경력 2-8년,/wd/37535
669,Computer Vision Engineer (Autonomous Driving),포티투닷(42dot),경기 성남시 , 경력 5-20년,/wd/216430
670,AI개발 엔지니어,코가로보틱스,서울 성동구 , 신입-경력 10년,/wd/245139
671,Senior Platform-Infra Engineer,바이온사이트,서울 성동구 , 경력 5년 이상,/wd/246620
672,Machine Learning Engineer (Auto Labeling),포티투닷(42dot),경기 성남시 , 경력 5-15년,/wd/118630
673,백엔드 개발자,토탈미디어그램,서울 강남구 , 경력 2년,/wd/246470
674,[프로그래머스] 백엔드 개발자(공통플랫폼팀),그렙(프로그래머스),서울 서초구 , 경력 3-10년,/wd/246051
675,Senior Backend Development,포지큐브(POSICUBE),서울 강남구 , 경력 5-15년,/wd/245694
676,AI 엔지니어,엔엑스엔랩스,서울 서초구 , 경력 3-7년,/wd/245623
677,데이터 사이언티스트(부피 알고리즘),안티그래비티,서울 성동구 , 경력 2년 이상,/wd/105496
678,AI (딥러닝) 연구 및 개발자,안티그래비티,서울 성동구 , 경력 5-15년,/wd/143273
679,데이터 사이언티스트,안티그래비티,서울 성동구 , 경력 1-20년,/wd/147683
680,데이터 엔지니어,이노케어플러스,서울 서초구 , 경력 3년 이상,/wd/244681
681,Data Scientist,앰버로드,서울 강남구 , 경력 2년 이상,/wd/191938
682,시스템 개발 PL - 부정 수급 관리,골든플래닛,서울 강남구 , 경력 7-12년,/wd/244242
683,데이터사이언스 팀장,해줌,서울 송파구 , 경력 5-20년,/wd/243806
684,백엔드 개발자,에디트콜렉티브,서울 강남구 , 경력 3-10년,/wd/157917
685,컴퓨테이셔널 디자이너,에디트콜렉티브,서울 강남구 , 신입,/wd/158799
686,광학 엔지니어,아폴론,서울 강서구 , 경력 2-10년,/wd/220368
687,Software Engineer (~6년),컨포트랩,서울 강남구 , 신입-경력 6년,/wd/205931
688,AI Model Development Strategy Manager,업스테이지,경기 , 경력 3-15년,/wd/237214
689,Localization Engineer (Junior),웨어러블에이아이,서울 영등포구 , 신입,/wd/239419
690,"Perception Engineer (Embedded, Senior)",웨어러블에이아이,서울 영등포구 , 경력 5-10년,/wd/239421
691,Autonomous Robotics Ai Engineer,에스티피씨,경기 성남시 , 경력 3-10년,/wd/241600
692,AI Engineer,라온데이터,서울 중구 , 신입,/wd/241585
693,3D 얼굴 정합 모델 개발,룰루랩(lululab),서울 강남구 , 경력 1-10년,/wd/238948
694,AI 엔지니어 (자연어처리/컴퓨터비전),드래프티파이,서울 강남구 , 경력 3-10년,/wd/174586
695,Python 데이터 처리 알고리즘 개발자,포지큐브(POSICUBE),서울 강남구 , 경력 1-5년,/wd/240355
696,인공지능 서비스 개발,자이언트스텝,서울 강남구 , 신입 이상,/wd/240999
697,SLAM Engineer,포티투닷(42dot),경기 성남시 , 경력 5-20년,/wd/216443
698,Machine Learning Engineer (End-to-End Driving),포티투닷(42dot),경기 성남시 , 경력 5-20년,/wd/216434
699,병역특례 전문연구요원 (석사 이상),커먼컴퓨터,서울 동작구 , 신입,/wd/240343
700,데이터 엔지니어,셰어라운드,서울 종로구 , 경력 5-10년,/wd/161537
701,Software Engineer - Multi Robot,베어로보틱스코리아,서울 성동구 , 경력 3-10년,/wd/240492
702,AI Engineer,아하랩스,경기 성남시 , 경력 3-10년,/wd/229283
703,NodeJS 백엔드 주니어 개발자,포지큐브(POSICUBE),서울 강남구 , 경력 1-3년,/wd/240353
704,ML 머신러닝 신입~초급,아이트럭,서울 서초구 , 경력 1-3년,/wd/180338
705,ML 머신러닝 중급 개발자,아이트럭,서울 서초구 , 경력 5-10년,/wd/180333
706,"Research Scientist, AI for Neuroimaging(전문연가능)",뷰노,서울 서초구 , 신입-경력 4년,/wd/239104
707,법률AI 용 백엔드/인프라 개발자,넥서스에이아이,서울 서초구 , 경력 1년 이상,/wd/239076
708,백엔드/시스템 개발자,스페이스비전에이아이,서울 마포구 , 경력 5년 이상,/wd/237780
709,백엔드 개발자,포스트랩,서울 강남구 , 경력 4년 이상,/wd/238317
710,Data Scientist (5년이상),피플리,서울 마포구 , 경력 5년 이상,/wd/237897
711,머신러닝 R&D 엔지니어,호두에이아이랩,서울 관악구 , 신입-경력 8년,/wd/236695
712,"구글클라우드 엔지니어 아키텍처 설계/기술지원(Data,AI/ML,Bigquery)",골든플래닛,서울 강남구 , 경력 5-10년,/wd/236393
713,3D Geometry SW 엔지니어,디오에프연구소,서울 성동구 , 경력 1-15년,/wd/208068
714,Deep Learning Engineer,제틱에이아이,서울 강남구 , 신입-경력 10년,/wd/234409
715,Software Engineer,제틱에이아이,서울 강남구 , 신입-경력 10년,/wd/234412
716,[전문연구요원 가능] 소프트웨어 개발자 (C++ ) (신입),메디인테크,서울 종로구 , 신입,/wd/150807
717,[전문연구요원 가능] 소프트웨어 개발자 (C++ ),메디인테크,서울 종로구 , 경력 2-10년,/wd/182341
718,Citrix NetScaler 엔지니어,누리인포스,경기 성남시 , 경력 3-7년,/wd/234397
719,Big Data Engineer,현대캐피탈,서울 중구 , 경력 4-10년,/wd/233632
720,시니어 파이썬 백엔드 엔지니어,알로카도스,서울 강남구 , 경력 5-15년,/wd/232077
721,AI 엔지니어,지바이크(gbike),서울 강남구 , 경력 1년 이상,/wd/233496
722,[리얼리] 백엔드 개발자,더리얼그룹,서울 성동구 , 경력 2-10년,/wd/207842
723,파이썬 프로그램 개발자,뉴로다임,서울 성동구 , 신입-경력 5년,/wd/231640
724,ML Research Scientist,트웰브랩스(Twelve Labs),서울 용산구 , 경력 3-10년,/wd/222670
725,MLOps Engineer (DevOps Engineer),플루언트,서울 강남구 , 경력 3-15년,/wd/213313
726,Senior Software Engineer (Embedded AI),토르드라이브,서울 영등포구 , 경력 3-10년,/wd/216427
727,Robotics Software Engineer,토르드라이브,서울 영등포구 , 경력 3-10년,/wd/229214
728,Data Scientist,한국그린데이터,서울 서초구 , 경력 3-7년,/wd/210157
729,AI Engineer,모플,서울 서초구 , 경력 2-14년,/wd/58355
730,Data Engineer,모플,대전 유성구 , 경력 1-3년,/wd/154911
731,백엔드 개발자,한국그린데이터,서울 서초구 , 경력 4-9년,/wd/222974
732,[전문연구요원 가능] 인공지능 연구원 (신입),메디인테크,서울 종로구 , 신입,/wd/147486
733,[전문연구요원 가능] 인공지능 연구원,메디인테크,서울 종로구 , 경력 1-10년,/wd/100405
734,Senior Sensor Firmware Engineer (10년 이상),브룩허스트거라지(B GARAGE),경기 성남시 , 경력 10-15년,/wd/226836
735,[하나금융융합기술원] AI Quant Researcher,하나금융티아이,서울 강남구 , 경력 5-15년,/wd/226411
736,AI Research Engineer - LLM,업스테이지,경기 , 경력 3-7년,/wd/226037
737,"보안솔루션 엔진 개발(C/C++, Linux기반)",윈스,경기 용인시 , 경력 1-10년,/wd/225473
738,Research Scientist (Medical AI),에이아이트릭스(AITRICS),서울 강남구 , 경력 5-15년,/wd/224316
739,데이터 분석 담당자 (3년 이상),윌로그,서울 강남구 , 경력 3-6년,/wd/224170
740,"AI 연구원 (MLOps, 엔지니어)",플루언트,서울 강남구 , 경력 2-15년,/wd/128700
741,"[전문연구요원 가능] C/C++, Python 로봇 제어 개발자",메디인테크,서울 종로구 , 경력 1-20년,/wd/100407
742,[전문연구요원 가능] 영상처리 개발자 (신입),메디인테크,서울 종로구 , 신입,/wd/147481
743,"[전문연구요원 가능] C/C++, Python 로봇 제어 개발자 (신입)",메디인테크,서울 종로구 , 신입,/wd/147487
744,[전문연구요원 가능] 영상처리 개발자,메디인테크,서울 종로구 , 경력 1-20년,/wd/127019
745,"[산업기능요원(병역특례, 보충역)] 데이터 엔지니어",와이피랩스(커넥팅),서울 강남구 , 신입,/wd/219655
746,인공지능 전문가,에이치엠이스퀘어,경기 용인시 , 신입-경력 20년,/wd/221103
747,생체신호 AI 엔지니어 (병역특례 / CTO 레벨 가능),엑소시스템즈,경기 성남시 , 경력 1-10년,/wd/78417
748,AI Back-End / Bigdata 엔지니어,제로원에이아이,경기 성남시 , 경력 3-10년,/wd/166683
749,AI  최적화 엔지니어,호두에이아이랩,서울 관악구 , 신입-경력 5년,/wd/215492
750,UNREAL ENGINE 개발자,비브스튜디오스,서울 강남구 , 경력 3-7년,/wd/218232
751,Medical AI Research Engineer(Senior),웨이센(waycenInc.),서울 강남구 , 경력 5-15년,/wd/108146
752,의료 텍스트 자연어처리(NLP) AI 연구원,테서,서울 강남구 , 경력 1-10년,/wd/172533
753,딥러닝 개발,파수,서울 마포구 , 경력 3-10년,/wd/216867
754,자사 제품 개발 AI 전문가,쿼리시스템즈,경기 성남시 , 경력 5-20년,/wd/199084
755,백엔드 개발자,데이터메이커,대전 유성구 , 경력 5-20년,/wd/195493
756,머신 비전 SW개발자 (3년 이상),커넥티드 인사이트,충남 천안시 , 경력 3-5년,/wd/205982
757,AI/NLP R&D Engineer (3년 이상),다이얼로그디자인에이전시,서울 송파구 , 경력 3-5년,/wd/186671
758,Simulation Engineer (Autonomous Driving),포티투닷(42dot),경기 용인시 , 경력 2-15년,/wd/171446
759,AI 개발자,굳갱랩스,경기 성남시 , 경력 2-4년,/wd/156373
760,검사장비 영상처리 비전 SW 엔지니어,머신앤비전,충남 천안시 , 경력 2-15년,/wd/200553
761,검사장비 제어 SW 엔지니어,머신앤비전,충남 천안시 , 경력 2-15년,/wd/106787
762,Staff Machine Learning Engineer,몰로코,서울 강남구 , 경력 7-20년,/wd/194016
763,딥러닝 엔지니어,다비오(Dabeeo),서울 마포구 , 경력 3-15년,/wd/189274
764,컴퓨터비전 연구개발자,다비오(Dabeeo),서울 마포구 , 경력 3-15년,/wd/169105
765,Sr. Backend Engineer,에이아이트릭스(AITRICS),서울 강남구 , 경력 5-10년,/wd/187397
766,인공지능 연구개발,카이어,서울 서초구 , 경력 1-10년,/wd/73517
767,Data Engineer,인핸스(Enhans),서울 서초구 , 경력 3-8년,/wd/154545
768,테크 멘토,포항공과대학교,경북 포항시 , 경력 3-10년,/wd/186510
769,[신입] VISION AI 연구/개발 분야 (팀원),피노키오랩,서울 강남구 , 신입,/wd/182774
770,"[기업부설연구소] 플랫폼 개발팀장 [JAVA, SPRINGBOOT5+]",아인잡(AINJOB),서울 강남구 , 경력 7-17년,/wd/140981
771,VISION AI 연구/개발 분야 (팀장),피노키오랩,서울 강남구 , 경력 2-10년,/wd/173891
772,VISION AI 연구/개발 분야 (팀원),피노키오랩,서울 강남구 , 경력 1-5년,/wd/175541
773,Blockchain Researcher (병역특례 전문연구요원),페어스퀘어랩,서울 서초구 , 경력 1-5년,/wd/166782
774,시니어 데이터 엔지니어,교보문고,서울 마포구 , 경력 8-15년,/wd/168560
775,데이터 엔지니어,교보문고,서울 마포구 , 경력 5-15년,/wd/84863
776,MLOps SW 개발자,호두에이아이랩,서울 관악구 , 경력 1-12년,/wd/155133
777,신호처리/알고리즘 PART,아이시냅스,서울 성동구 , 경력 1-5년,/wd/115205
778,C/C++개발자(3년~),제노레이,경기 성남시 , 경력 3-10년,/wd/80732
